"ID","trt","means.internal","x","y","z","dCt.y","dCt.z","ddCt.dCt.y","ddCt.dCt.z","FC.ddCt.dCt.y","FC.ddCt.dCt.z"
1,"ctl",15.3333333333333,15,30,27,14.6666666666667,11.6666666666667,-0.333333333333334,-0.333333333333334,1.25992104989487,1.25992104989487
2,"ctl",15.3333333333333,16,31,28,15.6666666666667,12.6666666666667,0.666666666666666,0.666666666666666,0.629960524947437,0.629960524947437
3,"ctl",15.3333333333333,15,30,27,14.6666666666667,11.6666666666667,-0.333333333333334,-0.333333333333334,1.25992104989487,1.25992104989487
4,"trt1",15.6666666666667,15,35,21,19.3333333333333,5.33333333333333,4.33333333333334,-6.66666666666667,0.0496062828740062,101.593667325965
5,"trt1",15.6666666666667,16,34,22,18.3333333333333,6.33333333333333,3.33333333333334,-5.66666666666667,0.0992125657480123,50.7968336629824
6,"trt1",15.6666666666667,16,32,20,16.3333333333333,4.33333333333333,1.33333333333334,-7.66666666666667,0.396850262992049,203.187334651929
7,"trt2",16,17,32,28,16,12,1,0,0.5,1
8,"trt2",16,15,31,26,15,10,0,-2,1,4
9,"trt2",16,16,34,27,18,11,3,-1,0.125,2
